"","House.Number","Street.Name","City","Zip.Code","input_house_number","input_street","input_borough","input_zip","no_results","boroughCode1In","crossStreetNamesFlagIn","firstBoroughName","firstStreetNameNormalized","geosupportFunctionCode","geosupportReturnCode","geosupportReturnCode2","houseNumber1","houseNumberIn","houseNumberSortFormat","message","message2","returnCode1a","returnCode1e","streetName1In","workAreaFormatIndicatorIn","numberOfStreetCodesAndNamesInList","reasonCode","reasonCode1a","reasonCode1e","reasonCode2","streetCode1","streetName1"
"1","13        ","BAILEY PLACE                                      ","STATEN ISLAND                           ",10303,"13        ","BAILEY PLACE                                      ","staten island",NA,FALSE,"5","E","STATEN IS","183","1B","11","11","427","427","000427000AA","'183' NOT RECOGNIZED. THERE ARE NO SIMILAR NAMES","'183' NOT RECOGNIZED. THERE ARE NO SIMILAR NAMES","11","11","183","C",NA,NA,NA,NA,NA,NA,NA
"2","289       ","RIDGEWOOD AVENUE                                  ","STATEN ISLAND                           ",10312,"289       ","RIDGEWOOD AVENUE                                  ","staten island",NA,FALSE,"5","E","STATEN IS","2511","1B","11","11","1717","1717","001717000AA","'2511' NOT RECOGNIZED. THERE ARE NO SIMILAR NAMES","'2511' NOT RECOGNIZED. THERE ARE NO SIMILAR NAMES","11","11","2511","C",NA,NA,NA,NA,NA,NA,NA
"3","476       ","MOUNTAINVIEW AVENUE                               ","Staten Island                           ",10314,"476       ","MOUNTAINVIEW AVENUE                               ","staten island",NA,FALSE,"5","E","STATEN IS","2056","1B","11","11","2943","2943","002943000AA","'2056' NOT RECOGNIZED. THERE ARE NO SIMILAR NAMES","'2056' NOT RECOGNIZED. THERE ARE NO SIMILAR NAMES","11","11","2056","C",NA,NA,NA,NA,NA,NA,NA
"4","401       ","MANHATTAN STREET                                  ","Staten Island                           ",10307,"401       ","MANHATTAN STREET                                  ","staten island",NA,FALSE,"5","E","STATEN IS","1853","1B","11","11","2516","2516","002516000AA","'1853' NOT RECOGNIZED. THERE ARE NO SIMILAR NAMES","'1853' NOT RECOGNIZED. THERE ARE NO SIMILAR NAMES","11","11","1853","C",NA,NA,NA,NA,NA,NA,NA
"5","170       ","TRANTOR PLACE                                     ","Staten Island                           ",10302,"170       ","TRANTOR PLACE                                     ","staten island",NA,FALSE,"5","E","STATEN IS","2991","1B","11","11","850","850","000850000AA","'2991' NOT RECOGNIZED. THERE ARE NO SIMILAR NAMES","'2991' NOT RECOGNIZED. THERE ARE NO SIMILAR NAMES","11","11","2991","C",NA,NA,NA,NA,NA,NA,NA
"6","107       ","HOLLAND AVENUE                                    ","STATEN ISLAND                           ",10303,"107       ","HOLLAND AVENUE                                    ","staten island",NA,FALSE,"5","E","STATEN IS","1433","1B","11","11","103","103","000103000AA","'1433' NOT RECOGNIZED. THERE ARE NO SIMILAR NAMES","'1433' NOT RECOGNIZED. THERE ARE NO SIMILAR NAMES","11","11","1433","C",NA,NA,NA,NA,NA,NA,NA
"7","150       ","RAVENHURST AVENUE                                 ","Staten Island                           ",10310,"150       ","RAVENHURST AVENUE                                 ","staten island",NA,FALSE,"5","E","STATEN IS","2455","1B","11","11","642","642","000642000AA","'2455' NOT RECOGNIZED. THERE ARE NO SIMILAR NAMES","'2455' NOT RECOGNIZED. THERE ARE NO SIMILAR NAMES","11","11","2455","C",NA,NA,NA,NA,NA,NA,NA
"8","84        ","CHURCH AVENUE                                     ","STATEN ISLAND                           ",10314,"84        ","CHURCH AVENUE                                     ","staten island",NA,FALSE,"5","E","STATEN IS","537","1B","11","11","4064","4064","004064000AA","'537' NOT RECOGNIZED. THERE ARE NO SIMILAR NAMES","'537' NOT RECOGNIZED. THERE ARE NO SIMILAR NAMES","11","11","537","C",NA,NA,NA,NA,NA,NA,NA
"9","35        ","MARION AVENUE                                     ","STATEN ISLAND                           ",10304,"35        ","MARION AVENUE                                     ","staten island",NA,FALSE,"5","E","STATEN IS","1883","1B","11","11","2130","2130","002130000AA","'1883' NOT RECOGNIZED. THERE ARE NO SIMILAR NAMES","'1883' NOT RECOGNIZED. THERE ARE NO SIMILAR NAMES","11","11","1883","C",NA,NA,NA,NA,NA,NA,NA
"10","81        ","CHESTNUT AVENUE                                   ","Staten Island                           ",10305,"81        ","CHESTNUT AVENUE                                   ","staten island",NA,FALSE,"5","E","STATEN IS","526","1B","11","11","4025","4025","004025000AA","'526' NOT RECOGNIZED. THERE ARE NO SIMILAR NAMES","'526' NOT RECOGNIZED. THERE ARE NO SIMILAR NAMES","11","11","526","C",NA,NA,NA,NA,NA,NA,NA
"11","492       ","DONGAN HILLS AVENUE                               ","Staten Island                           ",10305,"492       ","DONGAN HILLS AVENUE                               ","staten island",NA,FALSE,"5","E","STATEN IS","839","1B","11","11","3012","3012","003012000AA","'839' NOT RECOGNIZED. THERE ARE NO SIMILAR NAMES","'839' NOT RECOGNIZED. THERE ARE NO SIMILAR NAMES","11","11","839","C",NA,NA,NA,NA,NA,NA,NA
"12","50        ","PENBROKE AVENUE                                   ","Staten Island                           ",10301,"50        ","PENBROKE AVENUE                                   ","staten island",NA,FALSE,"5","E","STATEN IS","2314","1B","11","11","3036","3036","003036000AA","'2314' NOT RECOGNIZED. THERE ARE NO SIMILAR NAMES","'2314' NOT RECOGNIZED. THERE ARE NO SIMILAR NAMES","11","11","2314","C",NA,NA,NA,NA,NA,NA,NA
"13","30        ","DONGAN HILLS AVENUE                               ","Staten Island                           ",10306,"30        ","DONGAN HILLS AVENUE                               ","staten island",NA,FALSE,"5","E","STATEN IS","839","1B","11","11","1791","1791","001791000AA","'839' NOT RECOGNIZED. THERE ARE NO SIMILAR NAMES","'839' NOT RECOGNIZED. THERE ARE NO SIMILAR NAMES","11","11","839","C",NA,NA,NA,NA,NA,NA,NA
"14","67        ","JACOB STREET                                      ","Staten Island                           ",10307,"67        ","JACOB STREET                                      ","staten island",NA,FALSE,"5","E","STATEN IS","1518","1B","11","11","3627","3627","003627000AA","'1518' NOT RECOGNIZED. THERE ARE NO SIMILAR NAMES","'1518' NOT RECOGNIZED. THERE ARE NO SIMILAR NAMES","11","11","1518","C",NA,NA,NA,NA,NA,NA,NA
"15","134       ","ALBEE AVENUE                                      ","Staten Island                           ",10312,"134       ","ALBEE AVENUE                                      ","staten island",NA,FALSE,"5","E","STATEN IS","47","1B","11","11","470","470","000470000AA","'47' NOT RECOGNIZED. THERE ARE NO SIMILAR NAMES","'47' NOT RECOGNIZED. THERE ARE NO SIMILAR NAMES","11","11","47","C",NA,NA,NA,NA,NA,NA,NA
"16","174       ","MC ARTHUR AVENUE                                  ","STATEN ISLAND                           ",10312,"174       ","MC ARTHUR AVENUE                                  ","staten island",NA,FALSE,"5","E","STATEN IS","1921","1B","11","11","877","877","000877000AA","'1921' NOT RECOGNIZED. THERE ARE NO SIMILAR NAMES","'1921' NOT RECOGNIZED. THERE ARE NO SIMILAR NAMES","11","11","1921","C",NA,NA,NA,NA,NA,NA,NA
"17","89        ","COMSTOCK AVENUE                                   ","Staten Island                           ",10314,"89        ","COMSTOCK AVENUE                                   ","staten island",NA,FALSE,"5","E","STATEN IS","618","1B","11","11","4133","4133","004133000AA","'618' NOT RECOGNIZED. THERE ARE NO SIMILAR NAMES","'618' NOT RECOGNIZED. THERE ARE NO SIMILAR NAMES","11","11","618","C",NA,NA,NA,NA,NA,NA,NA
"18","115       ","CASSIDY PLACE                                     ","STATEN ISLAND                           ",10301,"115       ","CASSIDY PLACE                                     ","staten island",NA,FALSE,"5","E","STATEN IS","475","1B","11","11","213","213","000213000AA","'475' NOT RECOGNIZED. THERE ARE NO SIMILAR NAMES","'475' NOT RECOGNIZED. THERE ARE NO SIMILAR NAMES","11","11","475","C",NA,NA,NA,NA,NA,NA,NA
"19","117       ","NIXON AVENUE                                      ","Staten Island                           ",10304,"117       ","NIXON AVENUE                                      ","staten island",NA,FALSE,"5","E","STATEN IS","2131","1B","11","11","236","236","000236000AA","'2131' NOT RECOGNIZED. THERE ARE NO SIMILAR NAMES","'2131' NOT RECOGNIZED. THERE ARE NO SIMILAR NAMES","11","11","2131","C",NA,NA,NA,NA,NA,NA,NA
"20","54        ","CENTER PLACE                                      ","STATEN ISLAND                           ",10306,"54        ","CENTER PLACE                                      ","staten island",NA,FALSE,"5","E","STATEN IS","498","1B","11","11","3212","3212","003212000AA","'498' NOT RECOGNIZED. THERE ARE NO SIMILAR NAMES","'498' NOT RECOGNIZED. THERE ARE NO SIMILAR NAMES","11","11","498","C",NA,NA,NA,NA,NA,NA,NA
"21","961       ","VICTORY BOULEVARD                                 ","Staten Island                           ",10301,"961       ","VICTORY BOULEVARD                                 ","staten island",NA,FALSE,"5","E","STATEN IS","3089","1B","11","11","4233","4233","004233000AA","'3089' NOT RECOGNIZED. THERE ARE NO SIMILAR NAMES","'3089' NOT RECOGNIZED. THERE ARE NO SIMILAR NAMES","11","11","3089","C",NA,NA,NA,NA,NA,NA,NA
"22","133       ","ROOSEVELT AVENUE                                  ","STATEN ISLAND                           ",10314,"133       ","ROOSEVELT AVENUE                                  ","staten island",NA,FALSE,"5","E","STATEN IS","2550","1B","11","11","460","460","000460000AA","'2550' NOT RECOGNIZED. THERE ARE NO SIMILAR NAMES","'2550' NOT RECOGNIZED. THERE ARE NO SIMILAR NAMES","11","11","2550","C",NA,NA,NA,NA,NA,NA,NA
"23","727       ","BARLOW AVENUE                                     ","Staten Island                           ",10312,"727       ","BARLOW AVENUE                                     ","staten island",NA,FALSE,"5","E","STATEN IS","203","1B","11","11","3803","3803","003803000AA","'203' NOT RECOGNIZED. THERE ARE NO SIMILAR NAMES","'203' NOT RECOGNIZED. THERE ARE NO SIMILAR NAMES","11","11","203","C",NA,NA,NA,NA,NA,NA,NA
"24","630       ","VICTORY BOULEVARD                                 ","Staten Island                           ",10301,"630       ","VICTORY BOULEVARD                                 ","staten island",NA,FALSE,"5","E","STATEN IS","3089","1B","11","11","3531","3531","003531000AA","'3089' NOT RECOGNIZED. THERE ARE NO SIMILAR NAMES","'3089' NOT RECOGNIZED. THERE ARE NO SIMILAR NAMES","11","11","3089","C",NA,NA,NA,NA,NA,NA,NA
"25","16        ","ISMAY STREET                                      ","Staten Island                           ",10314,"16        ","ISMAY STREET                                      ","staten island",NA,FALSE,"5","E","STATEN IS","1511","1B","11","11","740","740","000740000AA","'1511' NOT RECOGNIZED. THERE ARE NO SIMILAR NAMES","'1511' NOT RECOGNIZED. THERE ARE NO SIMILAR NAMES","11","11","1511","C",NA,NA,NA,NA,NA,NA,NA
"26","85        ","WEST CASTOR PLACE                                 ","Staten Island                           ",10312,"85        ","WEST CASTOR PLACE                                 ","staten island",NA,FALSE,"5","E","STATEN IS","3174","1B","11","11","4077","4077","004077000AA","'3174' NOT RECOGNIZED. THERE ARE NO SIMILAR NAMES","'3174' NOT RECOGNIZED. THERE ARE NO SIMILAR NAMES","11","11","3174","C",NA,NA,NA,NA,NA,NA,NA
"27","832       ","RENSSELAER AVENUE                                 ","Staten Island                           ",10309,"832       ","RENSSELAER AVENUE                                 ","staten island",NA,FALSE,"5","E","STATEN IS","2482","1B","11","11","4054","4054","004054000AA","'2482' NOT RECOGNIZED. THERE ARE NO SIMILAR NAMES","'2482' NOT RECOGNIZED. THERE ARE NO SIMILAR NAMES","11","11","2482","C",NA,NA,NA,NA,NA,NA,NA
"28","34A       ","PETER STREET                                      ","Staten Island                           ",10314,"34A       ","PETER STREET                                      ","staten island",NA,FALSE,"5","E","STATEN IS","2330","1B","11","11","2127","2127","002127000AA","'2330' NOT RECOGNIZED. THERE ARE NO SIMILAR NAMES","'2330' NOT RECOGNIZED. THERE ARE NO SIMILAR NAMES","11","11","2330","C",NA,NA,NA,NA,NA,NA,NA
"29","900       ","ELBE AVENUE                                       ","STATEN ISLAND                           ",10304,"900       ","ELBE AVENUE                                       ","staten island",NA,FALSE,"5","E","STATEN IS","945","1B","11","11","4150","4150","004150000AA","'945' NOT RECOGNIZED. THERE ARE NO SIMILAR NAMES","'945' NOT RECOGNIZED. THERE ARE NO SIMILAR NAMES","11","11","945","C",NA,NA,NA,NA,NA,NA,NA
"30","394       ","BRITTON AVENUE                                    ","Staten Island                           ",10304,"394       ","BRITTON AVENUE                                    ","staten island",NA,FALSE,"5","E","STATEN IS","377","1B","11","11","2467","2467","002467000AA","'377' NOT RECOGNIZED. THERE ARE NO SIMILAR NAMES","'377' NOT RECOGNIZED. THERE ARE NO SIMILAR NAMES","11","11","377","C",NA,NA,NA,NA,NA,NA,NA
"31","35        ","BORMAN AVENUE                                     ","STATEN ISLAND                           ",10314,"35        ","BORMAN AVENUE                                     ","staten island",NA,FALSE,"5","E","STATEN IS","337","1B","11","11","2130","2130","002130000AA","'337' NOT RECOGNIZED. THERE ARE NO SIMILAR NAMES","'337' NOT RECOGNIZED. THERE ARE NO SIMILAR NAMES","11","11","337","C",NA,NA,NA,NA,NA,NA,NA
"32","139       ","VINELAND AVENUE                                   ","STATEN ISLAND                           ",10312,"139       ","VINELAND AVENUE                                   ","staten island",NA,FALSE,"5","E","STATEN IS","3097","1B","11","11","524","524","000524000AA","'3097' NOT RECOGNIZED. THERE ARE NO SIMILAR NAMES","'3097' NOT RECOGNIZED. THERE ARE NO SIMILAR NAMES","11","11","3097","C",NA,NA,NA,NA,NA,NA,NA
"33","114       ","BOULDER STREET                                    ","Staten Island                           ",10312,"114       ","BOULDER STREET                                    ","staten island",NA,FALSE,"5","E","STATEN IS","340","1B","11","11","201","201","000201000AA","'340' NOT RECOGNIZED. THERE ARE NO SIMILAR NAMES","'340' NOT RECOGNIZED. THERE ARE NO SIMILAR NAMES","11","11","340","C",NA,NA,NA,NA,NA,NA,NA
"34","40        ","JARDINE AVENUE                                    ","STATEN ISLAND                           ",10314,"40        ","JARDINE AVENUE                                    ","staten island",NA,FALSE,"5","E","STATEN IS","1529","1B","11","11","2508","2508","002508000AA","'1529' NOT RECOGNIZED. THERE ARE NO SIMILAR NAMES","'1529' NOT RECOGNIZED. THERE ARE NO SIMILAR NAMES","11","11","1529","C",NA,NA,NA,NA,NA,NA,NA
"35","412       ","SLEIGHT AVENUE                                    ","Staten Island                           ",10307,"412       ","SLEIGHT AVENUE                                    ","staten island",NA,FALSE,"5","E","STATEN IS","2753","1B","11","11","2588","2588","002588000AA","'2753' NOT RECOGNIZED. THERE ARE NO SIMILAR NAMES","'2753' NOT RECOGNIZED. THERE ARE NO SIMILAR NAMES","11","11","2753","C",NA,NA,NA,NA,NA,NA,NA
"36","125       ","JOHN STREET                                       ","Staten Island                           ",10302,"125       ","JOHN STREET                                       ","staten island",NA,FALSE,"5","E","STATEN IS","1556","1B","11","11","355","355","000355000AA","'1556' NOT RECOGNIZED. THERE ARE NO SIMILAR NAMES","'1556' NOT RECOGNIZED. THERE ARE NO SIMILAR NAMES","11","11","1556","C",NA,NA,NA,NA,NA,NA,NA
"37","52        ","KISSEL AVENUE                                     ","Staten Island                           ",10310,"52        ","KISSEL AVENUE                                     ","staten island",NA,FALSE,"5","E","STATEN IS","1629","1B","11","11","3100","3100","003100000AA","'1629' NOT RECOGNIZED. THERE ARE NO SIMILAR NAMES","'1629' NOT RECOGNIZED. THERE ARE NO SIMILAR NAMES","11","11","1629","C",NA,NA,NA,NA,NA,NA,NA
"38","212       ","PAULDING AVENUE                                   ","Staten Island                           ",10314,"212       ","PAULDING AVENUE                                   ","staten island",NA,FALSE,"5","E","STATEN IS","2296","1B","11","11","1239","1239","001239000AA","'2296' NOT RECOGNIZED. THERE ARE NO SIMILAR NAMES","'2296' NOT RECOGNIZED. THERE ARE NO SIMILAR NAMES","11","11","2296","C",NA,NA,NA,NA,NA,NA,NA
"39","683       ","DAVIS AVENUE                                      ","STATEN ISLAND                           ",10310,"683       ","DAVIS AVENUE                                      ","staten island",NA,FALSE,"5","E","STATEN IS","746","1B","11","11","3661","3661","003661000AA","'746' NOT RECOGNIZED. THERE ARE NO SIMILAR NAMES","'746' NOT RECOGNIZED. THERE ARE NO SIMILAR NAMES","11","11","746","C",NA,NA,NA,NA,NA,NA,NA
"40","1514      ","CASTLETON AVENUE                                  ","STATEN ISLAND                           ",10302,"1514      ","CASTLETON AVENUE                                  ","staten island",NA,FALSE,"5","E","STATEN IS","476","1B","11","11","654","654","000654000AA","'476' NOT RECOGNIZED. THERE ARE NO SIMILAR NAMES","'476' NOT RECOGNIZED. THERE ARE NO SIMILAR NAMES","11","11","476","C",NA,NA,NA,NA,NA,NA,NA
"41","438       ","BROADWAY                                          ","Staten Island                           ",10310,"438       ","BROADWAY                                          ","staten island",NA,FALSE,"5","E","STATEN IS","380","1B","11","11","2770","2770","002770000AA","'380' NOT RECOGNIZED. THERE ARE NO SIMILAR NAMES","'380' NOT RECOGNIZED. THERE ARE NO SIMILAR NAMES","11","11","380","C",NA,NA,NA,NA,NA,NA,NA
"42","48        ","COMMERCE STREET                                   ","Staten Island                           ",10314,"48        ","COMMERCE STREET                                   ","staten island",NA,FALSE,"5","E","STATEN IS","616","1B","11","11","2958","2958","002958000AA","'616' NOT RECOGNIZED. THERE ARE NO SIMILAR NAMES","'616' NOT RECOGNIZED. THERE ARE NO SIMILAR NAMES","11","11","616","C",NA,NA,NA,NA,NA,NA,NA
"43","1893      ","CLOVE ROAD                                        ","Staten Island                           ",10304,"1893      ","CLOVE ROAD                                        ","staten island",NA,FALSE,"5","E","STATEN IS","582","1B","11","11","1027","1027","001027000AA","'582' NOT RECOGNIZED. THERE ARE NO SIMILAR NAMES","'582' NOT RECOGNIZED. THERE ARE NO SIMILAR NAMES","11","11","582","C",NA,NA,NA,NA,NA,NA,NA
"44","41        ","SEA GATE COURT                                    ","Staten Island                           ",10305,"41        ","SEA GATE COURT                                    ","staten island",NA,FALSE,"5","E","STATEN IS","2656","1B","11","11","2573","2573","002573000AA","'2656' NOT RECOGNIZED. THERE ARE NO SIMILAR NAMES","'2656' NOT RECOGNIZED. THERE ARE NO SIMILAR NAMES","11","11","2656","C",NA,NA,NA,NA,NA,NA,NA
"45","112       ","ROCKVILLE AVENUE                                  ","STATEN ISLAND                           ",10314,"112       ","ROCKVILLE AVENUE                                  ","staten island",NA,FALSE,"5","E","STATEN IS","2534","1B","11","11","177","177","000177000AA","'2534' NOT RECOGNIZED. THERE ARE NO SIMILAR NAMES","'2534' NOT RECOGNIZED. THERE ARE NO SIMILAR NAMES","11","11","2534","C",NA,NA,NA,NA,NA,NA,NA
"46","180       ","PARK HILL AVENUE                                  ","Staten Island                           ",10304,"180       ","PARK HILL AVENUE                                  ","staten island",NA,FALSE,"5","E","STATEN IS","2272","1B","11","11","939","939","000939000AA","'2272' NOT RECOGNIZED. THERE ARE NO SIMILAR NAMES","'2272' NOT RECOGNIZED. THERE ARE NO SIMILAR NAMES","11","11","2272","C",NA,NA,NA,NA,NA,NA,NA
"47","62        ","BARKER STREET                                     ","Staten Island                           ",10310,"62        ","BARKER STREET                                     ","staten island",NA,FALSE,"5","E","STATEN IS","202","1B","11","11","3495","3495","003495000AA","'202' NOT RECOGNIZED. THERE ARE NO SIMILAR NAMES","'202' NOT RECOGNIZED. THERE ARE NO SIMILAR NAMES","11","11","202","C",NA,NA,NA,NA,NA,NA,NA
"48","96        ","NASHVILLE STREET                                  ","Staten Island                           ",10307,"96        ","NASHVILLE STREET                                  ","staten island",NA,FALSE,"5","E","STATEN IS","2074","1B","11","11","4231","4231","004231000AA","'2074' NOT RECOGNIZED. THERE ARE NO SIMILAR NAMES","'2074' NOT RECOGNIZED. THERE ARE NO SIMILAR NAMES","11","11","2074","C",NA,NA,NA,NA,NA,NA,NA
"49","37        ","EVERGREEN STREET                                  ","Staten Island                           ",10308,"37        ","EVERGREEN STREET                                  ","staten island",NA,FALSE,"5","E","STATEN IS","1030","1B","11","11","2280","2280","002280000AA","'1030' NOT RECOGNIZED. THERE ARE NO SIMILAR NAMES","'1030' NOT RECOGNIZED. THERE ARE NO SIMILAR NAMES","11","11","1030","C",NA,NA,NA,NA,NA,NA,NA
"50","79        ","HARTFORD AVENUE                                   ","Staten Island                           ",10310,"79        ","HARTFORD AVENUE                                   ","staten island",NA,FALSE,"5","E","STATEN IS","1342","1B","11","11","3989","3989","003989000AA","'1342' NOT RECOGNIZED. THERE ARE NO SIMILAR NAMES","'1342' NOT RECOGNIZED. THERE ARE NO SIMILAR NAMES","11","11","1342","C",NA,NA,NA,NA,NA,NA,NA
"51","17        ","AVON LANE                                         ","Staten Island                           ",10314,"17        ","AVON LANE                                         ","staten island",NA,FALSE,"5","E","STATEN IS","174","1B","11","11","849","849","000849000AA","'174' NOT RECOGNIZED. THERE ARE NO SIMILAR NAMES","'174' NOT RECOGNIZED. THERE ARE NO SIMILAR NAMES","11","11","174","C",NA,NA,NA,NA,NA,NA,NA
"52","51A       ","COUNTRY DRIVE EAST                                ","Staten Island                           ",10314,"51A       ","COUNTRY DRIVE EAST                                ","staten island",NA,FALSE,"5","E","STATEN IS","664","1B","11","11","3098","3098","003098000AA","'664' NOT RECOGNIZED. THERE ARE NO SIMILAR NAMES","'664' NOT RECOGNIZED. THERE ARE NO SIMILAR NAMES","11","11","664","C",NA,NA,NA,NA,NA,NA,NA
"53","50        ","DESERRE AVENUE                                    ","Staten Island                           ",10312,"50        ","DESERRE AVENUE                                    ","staten island",NA,FALSE,"5","E","STATEN IS","797","1B","11","11","3036","3036","003036000AA","'797' NOT RECOGNIZED. THERE ARE NO SIMILAR NAMES","'797' NOT RECOGNIZED. THERE ARE NO SIMILAR NAMES","11","11","797","C",NA,NA,NA,NA,NA,NA,NA
"54","12        ","DOLE STREET                                       ","Staten Island                           ",10312,"12        ","DOLE STREET                                       ","staten island",NA,FALSE,"5","E","STATEN IS","832","1B","11","11","284","284","000284000AA","'832' NOT RECOGNIZED. THERE ARE NO SIMILAR NAMES","'832' NOT RECOGNIZED. THERE ARE NO SIMILAR NAMES","11","11","832","C",NA,NA,NA,NA,NA,NA,NA
"55","550       ","SHELDON AVENUE                                    ","STATEN ISLAND                           ",10312,"550       ","SHELDON AVENUE                                    ","staten island",NA,FALSE,"5","E","STATEN IS","2707","1B","11","11","3275","3275","003275000AA","'2707' NOT RECOGNIZED. THERE ARE NO SIMILAR NAMES","'2707' NOT RECOGNIZED. THERE ARE NO SIMILAR NAMES","11","11","2707","C",NA,NA,NA,NA,NA,NA,NA
"56","36        ","MERSEREAU AVENUE                                  ","Staten Island                           ",10303,"36        ","MERSEREAU AVENUE                                  ","staten island",NA,FALSE,"5","E","STATEN IS","1984","1B","11","11","2196","2196","002196000AA","'1984' NOT RECOGNIZED. THERE ARE NO SIMILAR NAMES","'1984' NOT RECOGNIZED. THERE ARE NO SIMILAR NAMES","11","11","1984","C",NA,NA,NA,NA,NA,NA,NA
"57","321       ","BRITTON AVENUE                                    ","Staten Island                           ",10304,"321       ","BRITTON AVENUE                                    ","staten island",NA,FALSE,"5","E","STATEN IS","377","1B","11","11","1934","1934","001934000AA","'377' NOT RECOGNIZED. THERE ARE NO SIMILAR NAMES","'377' NOT RECOGNIZED. THERE ARE NO SIMILAR NAMES","11","11","377","C",NA,NA,NA,NA,NA,NA,NA
"58","44        ","LONG POND LANE                                    ","STATEN ISLAND                           ",10304,"44        ","LONG POND LANE                                    ","staten island",NA,FALSE,"5","E","STATEN IS","1777","1B","11","11","2776","2776","002776000AA","'1777' NOT RECOGNIZED. THERE ARE NO SIMILAR NAMES","'1777' NOT RECOGNIZED. THERE ARE NO SIMILAR NAMES","11","11","1777","C",NA,NA,NA,NA,NA,NA,NA
"59","1070      ","ROCKLAND AVENUE                                   ","STATEN ISLAND                           ",10314,"1070      ","ROCKLAND AVENUE                                   ","staten island",NA,FALSE,"5","E","STATEN IS","2532","1B","11","11","104","104","000104000AA","'2532' NOT RECOGNIZED. THERE ARE NO SIMILAR NAMES","'2532' NOT RECOGNIZED. THERE ARE NO SIMILAR NAMES","11","11","2532","C",NA,NA,NA,NA,NA,NA,NA
"60","232       ","BRADFORD AVENUE                                   ","STATEN ISLAND                           ",10309,"232       ","BRADFORD AVENUE                                   ","staten island",NA,FALSE,"5","E","STATEN IS","360","1B","11","11","1391","1391","001391000AA","'360' NOT RECOGNIZED. THERE ARE NO SIMILAR NAMES","'360' NOT RECOGNIZED. THERE ARE NO SIMILAR NAMES","11","11","360","C",NA,NA,NA,NA,NA,NA,NA
"61","29        ","YUCCA DRIVE                                       ","Staten Island                           ",10312,"29        ","YUCCA DRIVE                                       ","staten island",NA,FALSE,"5","E","STATEN IS","3318","1B","11","11","1725","1725","001725000AA","'3318' NOT RECOGNIZED. THERE ARE NO SIMILAR NAMES","'3318' NOT RECOGNIZED. THERE ARE NO SIMILAR NAMES","11","11","3318","C",NA,NA,NA,NA,NA,NA,NA
"62","198       ","PLEASANT PLAINS AVENUE                            ","Staten Island                           ",10309,"198       ","PLEASANT PLAINS AVENUE                            ","staten island",NA,FALSE,"5","E","STATEN IS","2359","1B","11","11","1121","1121","001121000AA","'2359' NOT RECOGNIZED. THERE ARE NO SIMILAR NAMES","'2359' NOT RECOGNIZED. THERE ARE NO SIMILAR NAMES","11","11","2359","C",NA,NA,NA,NA,NA,NA,NA
"63","16        ","SACCHERI COURT                                    ","Staten Island                           ",10308,"16        ","SACCHERI COURT                                    ","staten island",NA,FALSE,"5","E","STATEN IS","2590","1B","11","11","740","740","000740000AA","'2590' NOT RECOGNIZED. THERE ARE NO SIMILAR NAMES","'2590' NOT RECOGNIZED. THERE ARE NO SIMILAR NAMES","11","11","2590","C",NA,NA,NA,NA,NA,NA,NA
"64","112       ","LADD AVENUE                                       ","Staten Island                           ",10312,"112       ","LADD AVENUE                                       ","staten island",NA,FALSE,"5","E","STATEN IS","1656","1B","11","11","177","177","000177000AA","'1656' NOT RECOGNIZED. THERE ARE NO SIMILAR NAMES","'1656' NOT RECOGNIZED. THERE ARE NO SIMILAR NAMES","11","11","1656","C",NA,NA,NA,NA,NA,NA,NA
"65","16        ","OVAS COURT                                        ","Staten Island                           ",10312,"16        ","OVAS COURT                                        ","staten island",NA,FALSE,"5","E","STATEN IS","2253","1B","11","11","740","740","000740000AA","'2253' NOT RECOGNIZED. THERE ARE NO SIMILAR NAMES","'2253' NOT RECOGNIZED. THERE ARE NO SIMILAR NAMES","11","11","2253","C",NA,NA,NA,NA,NA,NA,NA
"66","321       ","THORNYCROFT AVENUE                                ","Staten Island                           ",10312,"321       ","THORNYCROFT AVENUE                                ","staten island",NA,FALSE,"5","E","STATEN IS","2957","1B","11","11","1934","1934","001934000AA","'2957' NOT RECOGNIZED. THERE ARE NO SIMILAR NAMES","'2957' NOT RECOGNIZED. THERE ARE NO SIMILAR NAMES","11","11","2957","C",NA,NA,NA,NA,NA,NA,NA
"67","21        ","FUTURITY PLACE                                    ","Staten Island                           ",10312,"21        ","FUTURITY PLACE                                    ","staten island",NA,FALSE,"5","E","STATEN IS","1161","1B","11","11","1221","1221","001221000AA","'1161' NOT RECOGNIZED. THERE ARE NO SIMILAR NAMES","'1161' NOT RECOGNIZED. THERE ARE NO SIMILAR NAMES","11","11","1161","C",NA,NA,NA,NA,NA,NA,NA
"68","81        ","MAYBERRY PROMENADE                                ","STATEN ISLAND                           ",10312,"81        ","MAYBERRY PROMENADE                                ","staten island",NA,FALSE,"5","E","STATEN IS","1917","1B","11","11","4025","4025","004025000AA","'1917' NOT RECOGNIZED. THERE ARE NO SIMILAR NAMES","'1917' NOT RECOGNIZED. THERE ARE NO SIMILAR NAMES","11","11","1917","C",NA,NA,NA,NA,NA,NA,NA
"69","37        ","ELEANOR PLACE                                     ","Staten Island                           ",10303,"37        ","ELEANOR PLACE                                     ","staten island",NA,FALSE,"5","E","STATEN IS","949","1B","11","11","2280","2280","002280000AA","'949' NOT RECOGNIZED. THERE ARE NO SIMILAR NAMES","'949' NOT RECOGNIZED. THERE ARE NO SIMILAR NAMES","11","11","949","C",NA,NA,NA,NA,NA,NA,NA
"70","41        ","DOWNES AVENUE                                     ","Staten Island                           ",10312,"41        ","DOWNES AVENUE                                     ","staten island",NA,FALSE,"5","E","STATEN IS","857","1B","11","11","2573","2573","002573000AA","'857' NOT RECOGNIZED. THERE ARE NO SIMILAR NAMES","'857' NOT RECOGNIZED. THERE ARE NO SIMILAR NAMES","11","11","857","C",NA,NA,NA,NA,NA,NA,NA
"71","15        ","ESCANABA AVENUE                                   ","STATEN ISLAND                           ",10308,"15        ","ESCANABA AVENUE                                   ","staten island",NA,FALSE,"5","E","STATEN IS","1011","1B","11","11","641","641","000641000AA","'1011' NOT RECOGNIZED. THERE ARE NO SIMILAR NAMES","'1011' NOT RECOGNIZED. THERE ARE NO SIMILAR NAMES","11","11","1011","C",NA,NA,NA,NA,NA,NA,NA
"72","85        ","GWENN LOOP                                        ","STATEN ISLAND                           ",10314,"85        ","GWENN LOOP                                        ","staten island",NA,FALSE,"5","E","STATEN IS","1300","1B","11","11","4077","4077","004077000AA","'1300' NOT RECOGNIZED. THERE ARE NO SIMILAR NAMES","'1300' NOT RECOGNIZED. THERE ARE NO SIMILAR NAMES","11","11","1300","C",NA,NA,NA,NA,NA,NA,NA
"73","36        ","VANESSA LANE                                      ","Staten Island                           ",10312,"36        ","VANESSA LANE                                      ","staten island",NA,FALSE,"5","E","STATEN IS","3064","1B","11","11","2196","2196","002196000AA","'3064' NOT RECOGNIZED. THERE ARE NO SIMILAR NAMES","'3064' NOT RECOGNIZED. THERE ARE NO SIMILAR NAMES","11","11","3064","C",NA,NA,NA,NA,NA,NA,NA
"74","66        ","MAJOR AVENUE                                      ","Staten Island                           ",10305,"66        ","MAJOR AVENUE                                      ","staten island",NA,FALSE,"5","E","STATEN IS","1841","1B","11","11","3606","3606","003606000AA","'1841' NOT RECOGNIZED. THERE ARE NO SIMILAR NAMES","'1841' NOT RECOGNIZED. THERE ARE NO SIMILAR NAMES","11","11","1841","C",NA,NA,NA,NA,NA,NA,NA
"75","273       ","HILLBROOK DRIVE                                   ","STATEN ISLAND                           ",10305,"273       ","HILLBROOK DRIVE                                   ","staten island",NA,FALSE,"5","E","STATEN IS","1403","1B","11","11","1621","1621","001621000AA","'1403' NOT RECOGNIZED. THERE ARE NO SIMILAR NAMES","'1403' NOT RECOGNIZED. THERE ARE NO SIMILAR NAMES","11","11","1403","C",NA,NA,NA,NA,NA,NA,NA
"76","90        ","RICHMOND HILL ROAD                                ","STATEN ISLAND                           ",10314,"90        ","RICHMOND HILL ROAD                                ","staten island",NA,FALSE,"5","E","STATEN IS","2500","1B","11","11","4149","4149","004149000AA","'2500' NOT RECOGNIZED. THERE ARE NO SIMILAR NAMES","'2500' NOT RECOGNIZED. THERE ARE NO SIMILAR NAMES","11","11","2500","C",NA,NA,NA,NA,NA,NA,NA
"77","232       ","TOMPKINS AVENUE                                   ","Staten Island                           ",10304,"232       ","TOMPKINS AVENUE                                   ","staten island",NA,FALSE,"5","E","STATEN IS","2977","1B","11","11","1391","1391","001391000AA","'2977' NOT RECOGNIZED. THERE ARE NO SIMILAR NAMES","'2977' NOT RECOGNIZED. THERE ARE NO SIMILAR NAMES","11","11","2977","C",NA,NA,NA,NA,NA,NA,NA
"78","1012      ","SHELDON AVENUE                                    ","Staten Island                           ",10309,"1012      ","SHELDON AVENUE                                    ","staten island",NA,FALSE,"5","E","STATEN IS","2707","1B","11","11","21","21","000021000AA","'2707' NOT RECOGNIZED. THERE ARE NO SIMILAR NAMES","'2707' NOT RECOGNIZED. THERE ARE NO SIMILAR NAMES","11","11","2707","C",NA,NA,NA,NA,NA,NA,NA
"79","202       ","MCVEIGH AVENUE                                    ","STATEN ISLAND                           ",10314,"202       ","MCVEIGH AVENUE                                    ","staten island",NA,FALSE,"5","E","STATEN IS","1950","1B","11","11","1166","1166","001166000AA","'1950' NOT RECOGNIZED. THERE ARE NO SIMILAR NAMES","'1950' NOT RECOGNIZED. THERE ARE NO SIMILAR NAMES","11","11","1950","C",NA,NA,NA,NA,NA,NA,NA
"80","31        ","GADSEN PLACE                                      ","STATEN ISLAND                           ",10314,"31        ","GADSEN PLACE                                      ","staten island",NA,FALSE,"5","E","STATEN IS","1165","1B","11","11","1863","1863","001863000AA","'1165' NOT RECOGNIZED. THERE ARE NO SIMILAR NAMES","'1165' NOT RECOGNIZED. THERE ARE NO SIMILAR NAMES","11","11","1165","C",NA,NA,NA,NA,NA,NA,NA
"81","271       ","PROSPECT AVENUE                                   ","Staten Island                           ",10301,"271       ","PROSPECT AVENUE                                   ","staten island",NA,FALSE,"5","E","STATEN IS","2408","1B","11","11","1599","1599","001599000AA","'2408' NOT RECOGNIZED. THERE ARE NO SIMILAR NAMES","'2408' NOT RECOGNIZED. THERE ARE NO SIMILAR NAMES","11","11","2408","C",NA,NA,NA,NA,NA,NA,NA
"82","104       ","EVERGREEN STREET                                  ","Staten Island                           ",10308,"104       ","EVERGREEN STREET                                  ","staten island",NA,FALSE,"5","E","STATEN IS","1030","1B","11","11","63","63","000063000AA","'1030' NOT RECOGNIZED. THERE ARE NO SIMILAR NAMES","'1030' NOT RECOGNIZED. THERE ARE NO SIMILAR NAMES","11","11","1030","C",NA,NA,NA,NA,NA,NA,NA
"83","5456      ","ARTHUR KILL ROAD                                  ","STATEN ISLAND                           ",10307,"5456      ","ARTHUR KILL ROAD                                  ","staten island",NA,FALSE,"5","E","STATEN IS","148","1B","11","11","3245","3245","003245000AA","'148' NOT RECOGNIZED. THERE ARE NO SIMILAR NAMES","'148' NOT RECOGNIZED. THERE ARE NO SIMILAR NAMES","11","11","148","C",NA,NA,NA,NA,NA,NA,NA
"84","51        ","DIERAUF STREET                                    ","Staten Island                           ",10312,"51        ","DIERAUF STREET                                    ","staten island",NA,FALSE,"5","E","STATEN IS","813","1B","11","11","3062","3062","003062000AA","'813' NOT RECOGNIZED. THERE ARE NO SIMILAR NAMES","'813' NOT RECOGNIZED. THERE ARE NO SIMILAR NAMES","11","11","813","C",NA,NA,NA,NA,NA,NA,NA
"85","480       ","BUEL AVENUE                                       ","Staten Island                           ",10305,"480       ","BUEL AVENUE                                       ","staten island",NA,FALSE,"5","E","STATEN IS","402","1B","11","11","2959","2959","002959000AA","'402' NOT RECOGNIZED. THERE ARE NO SIMILAR NAMES","'402' NOT RECOGNIZED. THERE ARE NO SIMILAR NAMES","11","11","402","C",NA,NA,NA,NA,NA,NA,NA
"86","168       ","COTTER AVENUE                                     ","Staten Island                           ",10306,"168       ","COTTER AVENUE                                     ","staten island",NA,FALSE,"5","E","STATEN IS","660","1B","11","11","828","828","000828000AA","'660' NOT RECOGNIZED. THERE ARE NO SIMILAR NAMES","'660' NOT RECOGNIZED. THERE ARE NO SIMILAR NAMES","11","11","660","C",NA,NA,NA,NA,NA,NA,NA
"87","102       ","CONSTANT AVENUE                                   ","Staten Island                           ",10314,"102       ","CONSTANT AVENUE                                   ","staten island",NA,FALSE,"5","E","STATEN IS","628","1B","11","11","30","30","000030000AA","'628' NOT RECOGNIZED. THERE ARE NO SIMILAR NAMES","'628' NOT RECOGNIZED. THERE ARE NO SIMILAR NAMES","11","11","628","C",NA,NA,NA,NA,NA,NA,NA
"88","655       ","TRAVIS AVENUE                                     ","STATEN ISLAND                           ",10314,"655       ","TRAVIS AVENUE                                     ","staten island",NA,FALSE,"5","E","STATEN IS","2992","1B","11","11","3597","3597","003597000AA","'2992' NOT RECOGNIZED. THERE ARE NO SIMILAR NAMES","'2992' NOT RECOGNIZED. THERE ARE NO SIMILAR NAMES","11","11","2992","C",NA,NA,NA,NA,NA,NA,NA
"89","434       ","KLONDIKE AVENUE                                   ","STATEN ISLAND                           ",10314,"434       ","KLONDIKE AVENUE                                   ","staten island",NA,FALSE,"5","E","STATEN IS","1631","1B","11","11","2750","2750","002750000AA","'1631' NOT RECOGNIZED. THERE ARE NO SIMILAR NAMES","'1631' NOT RECOGNIZED. THERE ARE NO SIMILAR NAMES","11","11","1631","C",NA,NA,NA,NA,NA,NA,NA
"90","90        ","SPRAGUE AVENUE                                    ","STATEN ISLAND                           ",10307,"90        ","SPRAGUE AVENUE                                    ","staten island",NA,FALSE,"5","E","STATEN IS","2792","1B","11","11","4149","4149","004149000AA","'2792' NOT RECOGNIZED. THERE ARE NO SIMILAR NAMES","'2792' NOT RECOGNIZED. THERE ARE NO SIMILAR NAMES","11","11","2792","C",NA,NA,NA,NA,NA,NA,NA
"91","225       ","PARK HILL AVENUE                                  ","STATEN ISLAND                           ",10304,"225       ","PARK HILL AVENUE                                  ","staten island",NA,FALSE,"5","E","STATEN IS","2272","1B","11","11","1334","1334","001334000AA","'2272' NOT RECOGNIZED. THERE ARE NO SIMILAR NAMES","'2272' NOT RECOGNIZED. THERE ARE NO SIMILAR NAMES","11","11","2272","C",NA,NA,NA,NA,NA,NA,NA
"92","45        ","LENEVAR AVENUE                                    ","STATEN ISLAND                           ",10309,"45        ","LENEVAR AVENUE                                    ","staten island",NA,FALSE,"5","E","STATEN IS","1706","1B","11","11","2818","2818","002818000AA","'1706' NOT RECOGNIZED. THERE ARE NO SIMILAR NAMES","'1706' NOT RECOGNIZED. THERE ARE NO SIMILAR NAMES","11","11","1706","C",NA,NA,NA,NA,NA,NA,NA
"93","805       ","HYLAN BOULEVARD                                   ","STATEN ISLAND                           ",10305,"805       ","HYLAN BOULEVARD                                   ","staten island",NA,FALSE,"5","E","STATEN IS","1475","1B","11","11","4014","4014","004014000AA","'1475' NOT RECOGNIZED. THERE ARE NO SIMILAR NAMES","'1475' NOT RECOGNIZED. THERE ARE NO SIMILAR NAMES","11","11","1475","C",NA,NA,NA,NA,NA,NA,NA
"94","11        ","WADSWORTH AVENUE                                  ","Staten Island                           ",10305,"11        ","WADSWORTH AVENUE                                  ","staten island",NA,FALSE,"5","E","STATEN IS","3110","1B","11","11","146","146","000146000AA","'3110' NOT RECOGNIZED. THERE ARE NO SIMILAR NAMES","'3110' NOT RECOGNIZED. THERE ARE NO SIMILAR NAMES","11","11","3110","C",NA,NA,NA,NA,NA,NA,NA
"95","17        ","BURBANK AVENUE                                    ","STATEN ISLAND                           ",10306,"17        ","BURBANK AVENUE                                    ","staten island",NA,FALSE,"5","E","STATEN IS","406","1B","11","11","849","849","000849000AA","'406' NOT RECOGNIZED. THERE ARE NO SIMILAR NAMES","'406' NOT RECOGNIZED. THERE ARE NO SIMILAR NAMES","11","11","406","C",NA,NA,NA,NA,NA,NA,NA
"96","39        ","FLOYD STREET                                      ","Staten Island                           ",10310,"39        ","FLOYD STREET                                      ","staten island",NA,FALSE,"5","E","STATEN IS","1106","1B","11","11","2437","2437","002437000AA","'1106' NOT RECOGNIZED. THERE ARE NO SIMILAR NAMES","'1106' NOT RECOGNIZED. THERE ARE NO SIMILAR NAMES","11","11","1106","C",NA,NA,NA,NA,NA,NA,NA
"97","356       ","NAUGHTON AVENUE                                   ","Staten Island                           ",10305,"356       ","NAUGHTON AVENUE                                   ","staten island",NA,FALSE,"5","E","STATEN IS","2080","1B","11","11","2175","2175","002175000AA","'2080' NOT RECOGNIZED. THERE ARE NO SIMILAR NAMES","'2080' NOT RECOGNIZED. THERE ARE NO SIMILAR NAMES","11","11","2080","C",NA,NA,NA,NA,NA,NA,NA
"98","140       ","BIRCH ROAD                                        ","Staten Island                           ",10303,"140       ","BIRCH ROAD                                        ","staten island",NA,FALSE,"5","E","STATEN IS","308","1B","11","11","537","537","000537000AA","'308' NOT RECOGNIZED. THERE ARE NO SIMILAR NAMES","'308' NOT RECOGNIZED. THERE ARE NO SIMILAR NAMES","11","11","308","C",NA,NA,NA,NA,NA,NA,NA
"99","19        ","FAYETTE AVENUE                                    ","STATEN ISLAND                           ",10305,"19        ","FAYETTE AVENUE                                    ","staten island",NA,FALSE,"5","E","STATEN IS","1060","1B","11","11","1036","1036","001036000AA","'1060' NOT RECOGNIZED. THERE ARE NO SIMILAR NAMES","'1060' NOT RECOGNIZED. THERE ARE NO SIMILAR NAMES","11","11","1060","C",NA,NA,NA,NA,NA,NA,NA
"100","181       ","DONGAN STREET                                     ","STATEN ISLAND                           ",10310,"181       ","DONGAN STREET                                     ","staten island",NA,FALSE,"5","E","STATEN IS","840","1B","11","11","953","953","000953000AA","'840' NOT RECOGNIZED. THERE ARE NO SIMILAR NAMES","'840' NOT RECOGNIZED. THERE ARE NO SIMILAR NAMES","11","11","840","C",NA,NA,NA,NA,NA,NA,NA
"101","255       ","MORRISON AVENUE                                   ","STATEN ISLAND                           ",10310,"255       ","MORRISON AVENUE                                   ","staten island",NA,FALSE,"5","E","STATEN IS","2045","1B","11","11","1501","1501","001501000AA","'2045' NOT RECOGNIZED. THERE ARE NO SIMILAR NAMES","'2045' NOT RECOGNIZED. THERE ARE NO SIMILAR NAMES","11","11","2045","C",NA,NA,NA,NA,NA,NA,NA
"102","62        ","WRIGHT AVENUE                                     ","Staten Island                           ",10303,"62        ","WRIGHT AVENUE                                     ","staten island",NA,FALSE,"5","E","STATEN IS","3300","1B","11","11","3495","3495","003495000AA","'3300' NOT RECOGNIZED. THERE ARE NO SIMILAR NAMES","'3300' NOT RECOGNIZED. THERE ARE NO SIMILAR NAMES","11","11","3300","C",NA,NA,NA,NA,NA,NA,NA
"103","58        ","CROFT PLACE                                       ","STATEN ISLAND                           ",10314,"58        ","CROFT PLACE                                       ","staten island",NA,FALSE,"5","E","STATEN IS","701","1B","11","11","3373","3373","003373000AA","'701' NOT RECOGNIZED. THERE ARE NO SIMILAR NAMES","'701' NOT RECOGNIZED. THERE ARE NO SIMILAR NAMES","11","11","701","C",NA,NA,NA,NA,NA,NA,NA
"104","471       ","ELVERTON AVENUE                                   ","Staten Island                           ",10308,"471       ","ELVERTON AVENUE                                   ","staten island",NA,FALSE,"5","E","STATEN IS","980","1B","11","11","2917","2917","002917000AA","'980' NOT RECOGNIZED. THERE ARE NO SIMILAR NAMES","'980' NOT RECOGNIZED. THERE ARE NO SIMILAR NAMES","11","11","980","C",NA,NA,NA,NA,NA,NA,NA
"105","46        ","PARKVIEW PLACE                                    ","STATEN ISLAND                           ",10310,"46        ","PARKVIEW PLACE                                    ","staten island",NA,FALSE,"5","E","STATEN IS","2289","1B","11","11","2864","2864","002864000AA","'2289' NOT RECOGNIZED. THERE ARE NO SIMILAR NAMES","'2289' NOT RECOGNIZED. THERE ARE NO SIMILAR NAMES","11","11","2289","C",NA,NA,NA,NA,NA,NA,NA
"106","169       ","VAN NAME AVENUE                                   ","Staten Island                           ",10303,"169       ","VAN NAME AVENUE                                   ","staten island",NA,FALSE,"5","E","STATEN IS","3054","1B","11","11","836","836","000836000AA","'3054' NOT RECOGNIZED. THERE ARE NO SIMILAR NAMES","'3054' NOT RECOGNIZED. THERE ARE NO SIMILAR NAMES","11","11","3054","C",NA,NA,NA,NA,NA,NA,NA
"107","72        ","CLINTON STREET                                    ","STATEN ISLAND                           ",10304,"72        ","CLINTON STREET                                    ","staten island",NA,FALSE,"5","E","STATEN IS","578","1B","11","11","3783","3783","003783000AA","'578' NOT RECOGNIZED. THERE ARE NO SIMILAR NAMES","'578' NOT RECOGNIZED. THERE ARE NO SIMILAR NAMES","11","11","578","C",NA,NA,NA,NA,NA,NA,NA
"108","81        ","VAN NAME AVENUE                                   ","Staten Island                           ",10303,"81        ","VAN NAME AVENUE                                   ","staten island",NA,FALSE,"5","E","STATEN IS","3054","1B","11","11","4025","4025","004025000AA","'3054' NOT RECOGNIZED. THERE ARE NO SIMILAR NAMES","'3054' NOT RECOGNIZED. THERE ARE NO SIMILAR NAMES","11","11","3054","C",NA,NA,NA,NA,NA,NA,NA
"109","174       ","BALSAM PLACE                                      ","Staten Island                           ",10309,"174       ","BALSAM PLACE                                      ","staten island",NA,FALSE,"5","E","STATEN IS","187","1B","11","11","877","877","000877000AA","'187' NOT RECOGNIZED. THERE ARE NO SIMILAR NAMES","'187' NOT RECOGNIZED. THERE ARE NO SIMILAR NAMES","11","11","187","C",NA,NA,NA,NA,NA,NA,NA
"110","1         ","CAMPUS ROAD                                       ","STATEN ISLAND                           ",10301,"1         ","CAMPUS ROAD                                       ","staten island",NA,FALSE,"5","E","STATEN IS","435","1B","11","11","1","1","000001000AA","'435' NOT RECOGNIZED. THERE ARE NO SIMILAR NAMES","'435' NOT RECOGNIZED. THERE ARE NO SIMILAR NAMES","11","11","435","C",NA,NA,NA,NA,NA,NA,NA
"111","145       ","LOGAN AVENUE                                      ","Staten Island                           ",10301,"145       ","LOGAN AVENUE                                      ","staten island",NA,FALSE,"5","E","STATEN IS","1773","1B","11","11","591","591","000591000AA","'1773' NOT RECOGNIZED. THERE ARE NO SIMILAR NAMES","'1773' NOT RECOGNIZED. THERE ARE NO SIMILAR NAMES","11","11","1773","C",NA,NA,NA,NA,NA,NA,NA
"112","794       ","RICHMOND TERRACE                                  ","STATEN ISLAND                           ",10301,"794       ","RICHMOND TERRACE                                  ","staten island",NA,FALSE,"5","E","STATEN IS","2503","1B","11","11","3994","3994","003994000AA","'2503' NOT RECOGNIZED. THERE ARE NO SIMILAR NAMES","'2503' NOT RECOGNIZED. THERE ARE NO SIMILAR NAMES","11","11","2503","C",NA,NA,NA,NA,NA,NA,NA
"113","91        ","MOBILE AVENUE                                     ","Staten Island                           ",10306,"91        ","MOBILE AVENUE                                     ","staten island",NA,FALSE,"5","E","STATEN IS","2016","1B","EE","EE","4161","4161","004161000AA","'2016' NOT RECOGNIZED. IS IT '2010 CB BOUNDARY'?","'2016' NOT RECOGNIZED. IS IT '2010 CB BOUNDARY'?","EE","EE","2016","C","01","1","1","1","1","51109005","2010 CB BOUNDARY"
"114","115       ","BEACON AVENUE                                     ","STATEN ISLAND                           ",10306,"115       ","BEACON AVENUE                                     ","staten island",NA,FALSE,"5","E","STATEN IS","236","1B","11","11","213","213","000213000AA","'236' NOT RECOGNIZED. THERE ARE NO SIMILAR NAMES","'236' NOT RECOGNIZED. THERE ARE NO SIMILAR NAMES","11","11","236","C",NA,NA,NA,NA,NA,NA,NA
"115","22        ","UNION AVENUE                                      ","Staten Island                           ",10303,"22        ","UNION AVENUE                                      ","staten island",NA,FALSE,"5","E","STATEN IS","3025","1B","11","11","1304","1304","001304000AA","'3025' NOT RECOGNIZED. THERE ARE NO SIMILAR NAMES","'3025' NOT RECOGNIZED. THERE ARE NO SIMILAR NAMES","11","11","3025","C",NA,NA,NA,NA,NA,NA,NA
"116","265       ","ARLENE STREET                                     ","STATEN ISLAND                           ",10314,"265       ","ARLENE STREET                                     ","staten island",NA,FALSE,"5","E","STATEN IS","132","1B","11","11","1556","1556","001556000AA","'132' NOT RECOGNIZED. THERE ARE NO SIMILAR NAMES","'132' NOT RECOGNIZED. THERE ARE NO SIMILAR NAMES","11","11","132","C",NA,NA,NA,NA,NA,NA,NA
"117","124       ","BRABANT STREET                                    ","Staten Island                           ",10303,"124       ","BRABANT STREET                                    ","staten island",NA,FALSE,"5","E","STATEN IS","358","1B","11","11","341","341","000341000AA","'358' NOT RECOGNIZED. THERE ARE NO SIMILAR NAMES","'358' NOT RECOGNIZED. THERE ARE NO SIMILAR NAMES","11","11","358","C",NA,NA,NA,NA,NA,NA,NA
"118","85        ","SUNNYSIDE TERRACE                                 ","STATEN ISLAND                           ",10301,"85        ","SUNNYSIDE TERRACE                                 ","staten island",NA,FALSE,"5","E","STATEN IS","2881","1B","11","11","4077","4077","004077000AA","'2881' NOT RECOGNIZED. THERE ARE NO SIMILAR NAMES","'2881' NOT RECOGNIZED. THERE ARE NO SIMILAR NAMES","11","11","2881","C",NA,NA,NA,NA,NA,NA,NA
"119","16        ","HEINZ AVENUE                                      ","STATEN ISLAND                           ",10308,"16        ","HEINZ AVENUE                                      ","staten island",NA,FALSE,"5","E","STATEN IS","1369","1B","11","11","740","740","000740000AA","'1369' NOT RECOGNIZED. THERE ARE NO SIMILAR NAMES","'1369' NOT RECOGNIZED. THERE ARE NO SIMILAR NAMES","11","11","1369","C",NA,NA,NA,NA,NA,NA,NA
"120","52        ","CORONA AVENUE                                     ","STATEN ISLAND                           ",10306,"52        ","CORONA AVENUE                                     ","staten island",NA,FALSE,"5","E","STATEN IS","649","1B","11","11","3100","3100","003100000AA","'649' NOT RECOGNIZED. THERE ARE NO SIMILAR NAMES","'649' NOT RECOGNIZED. THERE ARE NO SIMILAR NAMES","11","11","649","C",NA,NA,NA,NA,NA,NA,NA
"121","15        ","ELY AVENUE                                        ","STATEN ISLAND                           ",10312,"15        ","ELY AVENUE                                        ","staten island",NA,FALSE,"5","E","STATEN IS","985","1B","11","11","641","641","000641000AA","'985' NOT RECOGNIZED. THERE ARE NO SIMILAR NAMES","'985' NOT RECOGNIZED. THERE ARE NO SIMILAR NAMES","11","11","985","C",NA,NA,NA,NA,NA,NA,NA
"122","420       ","BRITTON AVENUE                                    ","STATEN ISLAND                           ",10304,"420       ","BRITTON AVENUE                                    ","staten island",NA,FALSE,"5","E","STATEN IS","377","1B","11","11","2653","2653","002653000AA","'377' NOT RECOGNIZED. THERE ARE NO SIMILAR NAMES","'377' NOT RECOGNIZED. THERE ARE NO SIMILAR NAMES","11","11","377","C",NA,NA,NA,NA,NA,NA,NA
"123","2800      ","AMBOY ROAD                                        ","STATEN ISLAND                           ",10306,"2800      ","AMBOY ROAD                                        ","staten island",NA,FALSE,"5","E","STATEN IS","87","1B","11","11","1667","1667","001667000AA","'87' NOT RECOGNIZED. THERE ARE NO SIMILAR NAMES","'87' NOT RECOGNIZED. THERE ARE NO SIMILAR NAMES","11","11","87","C",NA,NA,NA,NA,NA,NA,NA
"124","4005      ","HYLAN BOULEVARD                                   ","Staten Island                           ",10308,"4005      ","HYLAN BOULEVARD                                   ","staten island",NA,FALSE,"5","E","STATEN IS","1475","1B","11","11","2513","2513","002513000AA","'1475' NOT RECOGNIZED. THERE ARE NO SIMILAR NAMES","'1475' NOT RECOGNIZED. THERE ARE NO SIMILAR NAMES","11","11","1475","C",NA,NA,NA,NA,NA,NA,NA
"125","3334      ","AMBOY ROAD                                        ","Staten Island                           ",10306,"3334      ","AMBOY ROAD                                        ","staten island",NA,FALSE,"5","E","STATEN IS","87","1B","11","11","2012","2012","002012000AA","'87' NOT RECOGNIZED. THERE ARE NO SIMILAR NAMES","'87' NOT RECOGNIZED. THERE ARE NO SIMILAR NAMES","11","11","87","C",NA,NA,NA,NA,NA,NA,NA
"126","194       ","WOEHRLE AVENUE                                    ","STATEN ISLAND                           ",10312,"194       ","WOEHRLE AVENUE                                    ","staten island",NA,FALSE,"5","E","STATEN IS","3272","1B","11","11","1078","1078","001078000AA","'3272' NOT RECOGNIZED. THERE ARE NO SIMILAR NAMES","'3272' NOT RECOGNIZED. THERE ARE NO SIMILAR NAMES","11","11","3272","C",NA,NA,NA,NA,NA,NA,NA
"127","432       ","STAFFORD AVENUE                                   ","STATEN ISLAND                           ",10312,"432       ","STAFFORD AVENUE                                   ","staten island",NA,FALSE,"5","E","STATEN IS","2826","1B","11","11","2736","2736","002736000AA","'2826' NOT RECOGNIZED. THERE ARE NO SIMILAR NAMES","'2826' NOT RECOGNIZED. THERE ARE NO SIMILAR NAMES","11","11","2826","C",NA,NA,NA,NA,NA,NA,NA
"128","46        ","SKINNER LANE                                      ","STATEN ISLAND                           ",10310,"46        ","SKINNER LANE                                      ","staten island",NA,FALSE,"5","E","STATEN IS","2745","1B","11","11","2864","2864","002864000AA","'2745' NOT RECOGNIZED. THERE ARE NO SIMILAR NAMES","'2745' NOT RECOGNIZED. THERE ARE NO SIMILAR NAMES","11","11","2745","C",NA,NA,NA,NA,NA,NA,NA
"129","777       ","SEAVIEW AVENUE                                    ","STATEN ISLAND                           ",10305,"777       ","SEAVIEW AVENUE                                    ","staten island",NA,FALSE,"5","E","STATEN IS","2668","1B","11","11","3968","3968","003968000AA","'2668' NOT RECOGNIZED. THERE ARE NO SIMILAR NAMES","'2668' NOT RECOGNIZED. THERE ARE NO SIMILAR NAMES","11","11","2668","C",NA,NA,NA,NA,NA,NA,NA
"130","30        ","FILIPE LANE                                       ","STATEN ISLAND                           ",10308,"30        ","FILIPE LANE                                       ","staten island",NA,FALSE,"5","E","STATEN IS","1080","1B","11","11","1791","1791","001791000AA","'1080' NOT RECOGNIZED. THERE ARE NO SIMILAR NAMES","'1080' NOT RECOGNIZED. THERE ARE NO SIMILAR NAMES","11","11","1080","C",NA,NA,NA,NA,NA,NA,NA
"131","19        ","CRESCENT AVENUE                                   ","STATEN ISLAND                           ",10301,"19        ","CRESCENT AVENUE                                   ","staten island",NA,FALSE,"5","E","STATEN IS","690","1B","11","11","1036","1036","001036000AA","'690' NOT RECOGNIZED. THERE ARE NO SIMILAR NAMES","'690' NOT RECOGNIZED. THERE ARE NO SIMILAR NAMES","11","11","690","C",NA,NA,NA,NA,NA,NA,NA
"132","463       ","NAUGHTON AVENUE                                   ","STATEN ISLAND                           ",10305,"463       ","NAUGHTON AVENUE                                   ","staten island",NA,FALSE,"5","E","STATEN IS","2080","1B","11","11","2874","2874","002874000AA","'2080' NOT RECOGNIZED. THERE ARE NO SIMILAR NAMES","'2080' NOT RECOGNIZED. THERE ARE NO SIMILAR NAMES","11","11","2080","C",NA,NA,NA,NA,NA,NA,NA
"133","175       ","LIVINGSTON AVENUE                                 ","Staten Island                           ",10314,"175       ","LIVINGSTON AVENUE                                 ","staten island",NA,FALSE,"5","E","STATEN IS","1756","1B","11","11","891","891","000891000AA","'1756' NOT RECOGNIZED. THERE ARE NO SIMILAR NAMES","'1756' NOT RECOGNIZED. THERE ARE NO SIMILAR NAMES","11","11","1756","C",NA,NA,NA,NA,NA,NA,NA
"134","196       ","MAINE AVENUE                                      ","Staten Island                           ",10314,"196       ","MAINE AVENUE                                      ","staten island",NA,FALSE,"5","E","STATEN IS","1840","1B","11","11","1100","1100","001100000AA","'1840' NOT RECOGNIZED. THERE ARE NO SIMILAR NAMES","'1840' NOT RECOGNIZED. THERE ARE NO SIMILAR NAMES","11","11","1840","C",NA,NA,NA,NA,NA,NA,NA
"135","5         ","WINTHROP PLACE                                    ","STATEN ISLAND                           ",10314,"5         ","WINTHROP PLACE                                    ","staten island",NA,FALSE,"5","E","STATEN IS","3268","1B","11","11","3035","3035","003035000AA","'3268' NOT RECOGNIZED. THERE ARE NO SIMILAR NAMES","'3268' NOT RECOGNIZED. THERE ARE NO SIMILAR NAMES","11","11","3268","C",NA,NA,NA,NA,NA,NA,NA
"136","625       ","SOUTH AVENUE                                      ","Staten Island                           ",10303,"625       ","SOUTH AVENUE                                      ","staten island",NA,FALSE,"5","E","STATEN IS","2770","1B","11","11","3517","3517","003517000AA","'2770' NOT RECOGNIZED. THERE ARE NO SIMILAR NAMES","'2770' NOT RECOGNIZED. THERE ARE NO SIMILAR NAMES","11","11","2770","C",NA,NA,NA,NA,NA,NA,NA
"137","148       ","AMBER STREET                                      ","STATEN ISLAND                           ",10306,"148       ","AMBER STREET                                      ","staten island",NA,FALSE,"5","E","STATEN IS","86","1B","11","11","623","623","000623000AA","'86' NOT RECOGNIZED. THERE ARE NO SIMILAR NAMES","'86' NOT RECOGNIZED. THERE ARE NO SIMILAR NAMES","11","11","86","C",NA,NA,NA,NA,NA,NA,NA
"138","23        ","FOREST LANE                                       ","Staten Island                           ",10307,"23        ","FOREST LANE                                       ","staten island",NA,FALSE,"5","E","STATEN IS","1116","1B","11","11","1380","1380","001380000AA","'1116' NOT RECOGNIZED. THERE ARE NO SIMILAR NAMES","'1116' NOT RECOGNIZED. THERE ARE NO SIMILAR NAMES","11","11","1116","C",NA,NA,NA,NA,NA,NA,NA
"139","16        ","RUXTON AVENUE                                     ","STATEN ISLAND                           ",10312,"16        ","RUXTON AVENUE                                     ","staten island",NA,FALSE,"5","E","STATEN IS","2585","1B","11","11","740","740","000740000AA","'2585' NOT RECOGNIZED. THERE ARE NO SIMILAR NAMES","'2585' NOT RECOGNIZED. THERE ARE NO SIMILAR NAMES","11","11","2585","C",NA,NA,NA,NA,NA,NA,NA
"140","158       ","SLOSSON AVENUE                                    ","STATEN ISLAND                           ",10314,"158       ","SLOSSON AVENUE                                    ","staten island",NA,FALSE,"5","E","STATEN IS","2755","1B","11","11","716","716","000716000AA","'2755' NOT RECOGNIZED. THERE ARE NO SIMILAR NAMES","'2755' NOT RECOGNIZED. THERE ARE NO SIMILAR NAMES","11","11","2755","C",NA,NA,NA,NA,NA,NA,NA
"141","112       ","ST JAMES PLACE                                    ","STATEN ISLAND                           ",10304,"112       ","ST JAMES PLACE                                    ","staten island",NA,FALSE,"5","E","STATEN IS","2811","1B","11","11","177","177","000177000AA","'2811' NOT RECOGNIZED. THERE ARE NO SIMILAR NAMES","'2811' NOT RECOGNIZED. THERE ARE NO SIMILAR NAMES","11","11","2811","C",NA,NA,NA,NA,NA,NA,NA
"142","120       ","VISTA AVENUE                                      ","STATEN ISLAND                           ",10304,"120       ","VISTA AVENUE                                      ","staten island",NA,FALSE,"5","E","STATEN IS","3100","1B","11","11","285","285","000285000AA","'3100' NOT RECOGNIZED. THERE ARE NO SIMILAR NAMES","'3100' NOT RECOGNIZED. THERE ARE NO SIMILAR NAMES","11","11","3100","C",NA,NA,NA,NA,NA,NA,NA
"143","133       ","HAMDEN AVENUE                                     ","Staten Island                           ",10306,"133       ","HAMDEN AVENUE                                     ","staten island",NA,FALSE,"5","E","STATEN IS","1307","1B","11","11","460","460","000460000AA","'1307' NOT RECOGNIZED. THERE ARE NO SIMILAR NAMES","'1307' NOT RECOGNIZED. THERE ARE NO SIMILAR NAMES","11","11","1307","C",NA,NA,NA,NA,NA,NA,NA
"144","30        ","REGAL WALK                                        ","STATEN ISLAND                           ",10303,"30        ","REGAL WALK                                        ","staten island",NA,FALSE,"5","E","STATEN IS","2469","1B","11","11","1791","1791","001791000AA","'2469' NOT RECOGNIZED. THERE ARE NO SIMILAR NAMES","'2469' NOT RECOGNIZED. THERE ARE NO SIMILAR NAMES","11","11","2469","C",NA,NA,NA,NA,NA,NA,NA
"145","8         ","BIRCH ROAD                                        ","Staten Island                           ",10303,"8         ","BIRCH ROAD                                        ","staten island",NA,FALSE,"5","E","STATEN IS","308","1B","11","11","4007","4007","004007000AA","'308' NOT RECOGNIZED. THERE ARE NO SIMILAR NAMES","'308' NOT RECOGNIZED. THERE ARE NO SIMILAR NAMES","11","11","308","C",NA,NA,NA,NA,NA,NA,NA
"146","27        ","LLEWELLYN PLACE                                   ","STATEN ISLAND                           ",10310,"27        ","LLEWELLYN PLACE                                   ","staten island",NA,FALSE,"5","E","STATEN IS","1761","1B","11","11","1588","1588","001588000AA","'1761' NOT RECOGNIZED. THERE ARE NO SIMILAR NAMES","'1761' NOT RECOGNIZED. THERE ARE NO SIMILAR NAMES","11","11","1761","C",NA,NA,NA,NA,NA,NA,NA
"147","403       ","WOOLLEY AVENUE                                    ","STATEN ISLAND                           ",10314,"403       ","WOOLLEY AVENUE                                    ","staten island",NA,FALSE,"5","E","STATEN IS","3298","1B","11","11","2528","2528","002528000AA","'3298' NOT RECOGNIZED. THERE ARE NO SIMILAR NAMES","'3298' NOT RECOGNIZED. THERE ARE NO SIMILAR NAMES","11","11","3298","C",NA,NA,NA,NA,NA,NA,NA
"148","361       ","RICHARD AVENUE                                    ","STATEN ISLAND                           ",10309,"361       ","RICHARD AVENUE                                    ","staten island",NA,FALSE,"5","E","STATEN IS","2494","1B","11","11","2203","2203","002203000AA","'2494' NOT RECOGNIZED. THERE ARE NO SIMILAR NAMES","'2494' NOT RECOGNIZED. THERE ARE NO SIMILAR NAMES","11","11","2494","C",NA,NA,NA,NA,NA,NA,NA
"149","191       ","BEACH ROAD                                        ","Staten Island                           ",10312,"191       ","BEACH ROAD                                        ","staten island",NA,FALSE,"5","E","STATEN IS","233","1B","11","11","1047","1047","001047000AA","'233' NOT RECOGNIZED. THERE ARE NO SIMILAR NAMES","'233' NOT RECOGNIZED. THERE ARE NO SIMILAR NAMES","11","11","233","C",NA,NA,NA,NA,NA,NA,NA
"150","15        ","ARBOR COURT                                       ","Staten Island                           ",10301,"15        ","ARBOR COURT                                       ","staten island",NA,FALSE,"5","E","STATEN IS","117","1B","11","11","641","641","000641000AA","'117' NOT RECOGNIZED. THERE ARE NO SIMILAR NAMES","'117' NOT RECOGNIZED. THERE ARE NO SIMILAR NAMES","11","11","117","C",NA,NA,NA,NA,NA,NA,NA
